target_Target,target_Target_2,target_Target_3,target_Target_4,target_Target_5,target_Target_6
0.68762279,0.996904025,0.35042735,0.364705882,0.935919056,0.906176701
0.862082515,0.93498452,0.076923077,0.082352941,0.409780776,0.397967162
0.11237721,0.018575851,0.521367521,0.541176471,0.006183249,0.082095387
0.469941061,0.965944272,0.692307692,0.764705882,0.456998314,0.485535575
0.693123772,0.984520124,0.35042735,0.411764706,0.801011804,0.784206411
0.035363458,0.024767802,0.435897436,0.494117647,0.059021922,0.155590305
0.704518664,0.92879257,0.153846154,0.152941176,0.494097808,0.50039093
0.590962672,0.996904025,0.35042735,0.364705882,0.599775155,0.624706802
0.964636542,0.922600619,0.047008547,0.047058824,0.0,0.0
