target_Target,target_Target_2,target_Target_3,target_Target_4,target_Target_5,target_Target_6
0.68762279,0.996904025,0.35042735,0.364705882,0.935919056,0.906176701
0.72848723,0.978328173,0.435897436,0.458823529,0.607644744,0.584050039
0.11237721,0.018575851,0.521367521,0.541176471,0.006183249,0.082095387
0.693123772,0.984520124,0.35042735,0.411764706,0.801011804,0.784206411
0.570923379,0.916408669,0.277777778,0.270588235,0.574480045,0.607505864
0.914341847,0.922600619,0.017094017,0.017647059,0.247892074,0.242376857
0.964636542,0.922600619,0.047008547,0.047058824,0.0,0.0
0.01021611,0.00619195,0.521367521,0.588235294,0.059021922,0.161845192
0.545383104,0.978328173,0.521367521,0.529411765,0.598650927,0.607505864
