target_Target,target_Target_2,target_Target_3,target_Target_4,target_Target_5,target_Target_6
0.930451866,0.922600619,0.051282051,0.052941176,0.028667791,0.025801407
0.862082515,0.93498452,0.076923077,0.082352941,0.409780776,0.397967162
0.11237721,0.018575851,0.521367521,0.541176471,0.006183249,0.082095387
0.0,0.0,0.606837607,0.647058824,0.012928612,0.102423769
0.570923379,0.916408669,0.277777778,0.270588235,0.574480045,0.607505864
0.555599214,0.996904025,0.264957265,0.317647059,0.758291175,0.788897576
0.704518664,0.92879257,0.153846154,0.152941176,0.494097808,0.50039093
0.724557957,0.972136223,0.538461538,0.541176471,0.433389545,0.420641126
0.044007859,0.00619195,0.606837607,0.682352941,0.010680157,0.099296325
