target_Target,target_Target_2,target_Target_3,target_Target_4,target_Target_5,target_Target_6
0.68762279,0.996904025,0.35042735,0.364705882,0.935919056,0.906176701
0.862082515,0.93498452,0.076923077,0.082352941,0.409780776,0.397967162
0.428290766,0.959752322,0.692307692,0.705882353,0.523327712,0.593432369
0.0,0.0,0.606837607,0.647058824,0.012928612,0.102423769
0.570923379,0.916408669,0.277777778,0.270588235,0.574480045,0.607505864
0.914341847,0.922600619,0.017094017,0.017647059,0.247892074,0.242376857
0.964636542,0.922600619,0.047008547,0.047058824,0.0,0.0
0.966208251,0.93498452,0.008547009,0.005882353,0.043282743,0.033620016
0.044007859,0.00619195,0.606837607,0.682352941,0.010680157,0.099296325
